W CONGRESS PKWY,Garfield Park
S CARPENTER ST,Auburn Gresham
S ELLIS AVE,Woodlawn
W ENGLEWOOD AVE,
W PARKER AVE,Hermosa
S JUSTINE ST,Englewood
W CONCORD PL,West Town
S ANTHONY AVE,Avalon Park
S INDIANA AVE,Grand Crossing
S PRINCETON AVE,Grand Crossing
E 72ND PL,South Shore
N TROY ST,Avondale
W BRYN MAWR AVE,"Sauganash,Forest Glen"
W CORTLAND ST,Hermosa
S HOXIE AVE,South Deering
S WESTERN AVE,
W 63RD ST,
S WINCHESTER AVE,Englewood
W JACKSON BLVD,Garfield Park
W MARQUETTE RD,Chicago Lawn
S CHURCH ST,
N SPAULDING AVE,Avondale
W CRYSTAL ST,Humboldt Park
S EGGLESTON AVE,Washington Heights
W LAWRENCE AVE,"Sauganash,Forest Glen"
N KEDZIE AVE,Irving Park
E 120TH PL,
S SANGAMON ST,Auburn Gresham
S EMERALD AVE,Auburn Gresham
W 80TH ST,
S DOBSON AVE,Chatham
S HARPER AVE,South Shore
S SOUTH SHORE DR,South Shore
N CLARK ST,Wrigleyville
S HONORE ST,Englewood
S WABASH AVE,Grand Crossing
W 74TH ST,
N HAMLIN AVE,Avondale
S MORGAN ST,Englewood
S MILLARD AVE,North Lawndale
W FILLMORE ST,North Lawndale
S SAWYER AVE,Little Village
S JEFFERY BLVD,South Chicago
N LAWLER AVE,Austin
W 97TH ST,
S GREEN ST,Washington Heights
S ABERDEEN ST,"Little Italy, UIC"
N LONG AVE,Belmont Cragin
N RIDGEWAY AVE,Avondale
S COLFAX AVE,South Chicago
S LAWNDALE AVE,North Lawndale
S MAY ST,Englewood
N KARLOV AVE,Irving Park
S DREXEL AVE,Grand Crossing
W WINNECONNA PKWY,Grand Crossing
N SPRINGFIELD AVE,Avondale
S LANGLEY AVE,Chatham
W 78TH PL,
N PARKSIDE AVE,Belmont Cragin
E 119TH PL,
N KILPATRICK AVE,Portage Park
W BRAYTON ST,West Pullman
N AVERS AVE,Avondale
W 51ST PL,
W 83RD ST,
S CALUMET AVE,Grand Crossing
S MEADE AVE,Garfield Ridge
W 13TH PL,North Lawndale
S PAULINA ST,New City
E GROVELAND PARK,Douglas
W 60TH ST,
W BARRY AVE,Avondale
S OAKLEY AVE,Chicago Lawn
S ARCHER AVE,Brighton Park
S TALMAN AVE,Morgan Park
S RHODES AVE,Chatham
W GRAND AVE,Montclare
W 37TH PL,
W BALMORAL AVE,Lincoln Square
N GLENWOOD AVE,Edgewater
S MARYLAND AVE,Grand Crossing
S BURNHAM AVE,South Chicago
S ALBANY AVE,North Lawndale
S MARSHFIELD AVE,Englewood
N SAWYER AVE,Avondale
W 77TH ST,
S MICHIGAN AVE,Grand Crossing
W GARFIELD BLVD,Englewood
S PERRY AVE,Roseland
S PRAIRIE AVE,Near South Side
E 136TH ST,
S FRANCISCO AVE,Chicago Lawn
E 134TH ST,
S LOWE AVE,Auburn Gresham
S HOYNE AVE,Englewood
S ELIZABETH ST,
S INGLESIDE AVE,Grand Crossing
N CICERO AVE,Portage Park
W 64TH PL,
S AVENUE N,East Side
N MENARD AVE,Belmont Cragin
N AUSTIN BLVD,Austin
W ADAMS ST,Garfield Park
N LAMON AVE,Belmont Cragin
W SCHOOL ST,Portage Park
E 99TH ST,
N ARTESIAN AVE,North Center
S TRIPP AVE,West Lawn
S WASHTENAW AVE,Chicago Lawn
S FOREST AVE,
W ROSCOE ST,Irving Park
W 108TH PL,Morgan Park
S ADA ST,Englewood
S DAMEN AVE,New City
W HARRISON ST,Garfield Park
E 79TH ST,
W BIRCHWOOD AVE,West Ridge
W 25TH ST,
S WOOD ST,Englewood
S DR MARTIN LUTHER KING JR DR,Grand Crossing
W FULLERTON AVE,Hermosa
E 69TH ST,
W WASHINGTON BLVD,
S SPAULDING AVE,
W 110TH ST,
E 71ST ST,
S OGLESBY AVE,Calumet Heights
E 81ST ST,
W ROOSEVELT RD,North Lawndale
N WASHTENAW AVE,Logan Square
S TRUMBULL AVE,North Lawndale
E 68TH ST,
W 67TH PL,
S SACRAMENTO BLVD,Garfield Park
S DANTE AVE,Avalon Park
S KILBOURN AVE,Ashburn
N ELSTON AVE,Irving Park
W BELMONT AVE,Portage Park
W MONTROSE AVE,Irving Park
S FAIRFIELD AVE,Chicago Lawn
W CORNELIA AVE,Irving Park
N KENMORE AVE,Uptown
S RACINE AVE,Englewood
S LOOMIS ST,Lower West Side
W PERSHING RD,New City
W 73RD ST,
S BALTIMORE AVE,
S FORRESTVILLE AVE,Grand Boulevard
S EAST END AVE,Avalon Park
W 51ST ST,
N WESTERN AVE,North Center
S ST LAWRENCE AVE,Grand Crossing
S STATE ST,Grand Crossing
S CHAMPLAIN AVE,Chatham
S CLYDE AVE,South Chicago
W IRVING PARK RD,
N ST LOUIS AVE,Avondale
N KILDARE AVE,Avondale
N MANGO AVE,Portage Park
S CLARK ST,Printers Row
S CHRISTIANA AVE,Gage Park
W 71ST ST,
E 103RD ST,
S STEWART AVE,Englewood
S BISHOP ST,Englewood
S ST LOUIS AVE,Brighton Park
N MILWAUKEE AVE,
N DAMEN AVE,North Center
S WENTWORTH AVE,Chatham
E 123RD ST,
E 73RD PL,South Shore
N ASHLAND BLVD,Rogers Park
S RICHMOND ST,Chicago Lawn
E 71ST PL,South Shore
W POLK ST,Garfield Park
W WRIGHTWOOD AVE,Sheffield & DePaul
S NORMAL AVE,Bridgeport
S NORMAL BLVD,Englewood
N NORDICA AVE,
N KEOKUK AVE,Irving Park
N DRAKE AVE,Avondale
E 74TH ST,
W PALMER ST,Belmont Cragin
W EDDY ST,Portage Park
W GLADYS AVE,Garfield Park
S COTTAGE GROVE AVE,Chatham
S LAFLIN ST,"Little Italy, UIC"
S MANISTEE AVE,Calumet Heights
N CALIFORNIA AVE,Irving Park
W ADDISON ST,Irving Park
E 102ND ST,
N FRANKLIN ST,Loop
W 57TH ST,
S ESCANABA AVE,South Chicago
S ASHLAND AVE,New City
S KILPATRICK AVE,Clearing
S HAMLIN AVE,West Elsdon
S UNION AVE,Englewood
S PARNELL AVE,Washington Heights
N LOTUS AVE,Belmont Cragin
S PHILLIPS AVE,South Chicago
S DAUPHIN AVE,
S CORNELL AVE,South Shore
S HERMITAGE AVE,Englewood
S RIDGELAND AVE,South Chicago
S ESSEX AVE,South Chicago
N MONTICELLO AVE,Irving Park
N LINCOLN AVE,North Center
S THROOP ST,Auburn Gresham
W DOUGLAS BLVD,North Lawndale
E 82ND ST,
N NEWCASTLE AVE,Dunning
W 15TH ST,
E 89TH PL,Chatham
W 112TH PL,Morgan Park
S PEORIA ST,Auburn Gresham
S LA SALLE ST,Loop
W 103RD ST,
W BERWYN AVE,Norwood Park
S KOMENSKY AVE,West Lawn
N HARDING AVE,Avondale
S CICERO AVE,
N MAYFIELD AVE,Austin
S HALSTED ST,Auburn Gresham
S CRANDON AVE,South Chicago
W GREENLEAF AVE,Rogers Park
S KARLOV AVE,Archer Heights
W WABANSIA AVE,Austin
W 52ND ST,
W 33RD PL,Bridgeport
W 38TH ST,
W 126TH ST,
S WELLS ST,Loop
N LECLAIRE AVE,Belmont Cragin
W JONQUIL TER,
E 100TH ST,
S KENWOOD AVE,South Shore
W 19TH ST,
N PULASKI RD,Avondale
S AVERS AVE,Little Village
E 70TH ST,
N NEENAH AVE,Norwood Park
S LUELLA AVE,Calumet Heights
S CALHOUN AVE,South Deering
W FOSTER AVE,North Park
W HIRSCH ST,Humboldt Park
W SUMMERDALE AVE,Norwood Park
S KEDZIE AVE,Chicago Lawn
W 81ST PL,Ashburn
W ARMITAGE AVE,Hermosa
W 116TH PL,Morgan Park
N NORMANDY AVE,Dunning
E 110TH PL,
W THOMAS ST,Humboldt Park
S HARDING AVE,Little Village
S AVALON AVE,Avalon Park
W LE MOYNE ST,Humboldt Park
W 34TH PL,Mckinley Park
E 87TH ST,
N LINDEN PL,Logan Square
N MASON AVE,Portage Park
E 61ST ST,
W COLUMBUS AVE,Ashburn
N CENTRAL AVE,
S MUSKEGON AVE,Calumet Heights
W CUYLER AVE,Portage Park
N NASSAU AVE,
S YATES BLVD,South Chicago
W FLOURNOY ST,Garfield Park
N TALMAN AVE,North Center
S LOOMIS BLVD,Englewood
W CULLERTON ST,Lower West Side
W JAMES ST,
W CARROLL AVE,United Center
N SHERIDAN RD,Edgewater
W 89TH ST,
S WHIPPLE ST,Chicago Lawn
S MARQUETTE AVE,South Chicago
N HARLEM AVE,
W FIFTH AVE,
W 59TH ST,
S AVENUE O,Hegewisch
W OAKDALE AVE,Lake View
S WESTERN BLVD,New City
S HOMAN AVE,Brighton Park
W 63RD PL,Clearing
W 73RD PL,
S TROY ST,Mount Greenwood
S BENNETT AVE,South Chicago
S LOCK ST,Bridgeport
S WALLACE ST,Grand Crossing
W LARCHMONT AVE,North Center
S WINSTON AVE,
N SACRAMENTO AVE,Irving Park
W LELAND AVE,Albany Park
W 80TH PL,Ashburn
E 100TH PL,Roseland
W BELLE PLAINE AVE,Portage Park
N NORTHWEST HWY,Edison Park
W 38TH PL,Mckinley Park
S EVANS AVE,Woodlawn
W 41ST ST,
W 60TH PL,West Lawn
W 26TH ST,
N RUTHERFORD AVE,Dunning
S PAXTON AVE,South Chicago
W 68TH PL,
W 101ST PL,Beverly
S EDBROOKE AVE,West Pullman
N CLAREMONT AVE,Wicker Park
W 18TH ST,
N LINDER AVE,Portage Park
W 84TH PL,
W 81ST ST,
S KILDARE AVE,Archer Heights
W CHICAGO AVE,Humboldt Park
W 117TH PL,
S KEATING AVE,Clearing
S CONSTANCE AVE,South Chicago
E SUPERIOR ST,Streeterville
S BELL AVE,
W MC LEAN AVE,Logan Square
N KENNETH AVE,Irving Park
S SACRAMENTO AVE,Gage Park
S COMMERCIAL AVE,South Chicago
S SPRINGFIELD AVE,North Lawndale
N KEDVALE AVE,Irving Park
S RIDGEWAY AVE,
S MAPLEWOOD AVE,Chicago Lawn
W 18TH PL,Lower West Side
W SUPERIOR ST,West Town
W 68TH ST,
W 64TH ST,
W 113TH PL,
W MELROSE ST,Avondale
W NORTH AVE,
W BRIAR PL,Lake View
E 88TH PL,Chatham
W 53RD PL,
W ERIE ST,West Town
S CALIFORNIA AVE,Chicago Lawn
W 36TH PL,
W 111TH ST,
W MONROE ST,Garfield Park
W EASTWOOD AVE,Lincoln Square
W 118TH ST,
N WABASH AVE,River North
E 38TH ST,
E 67TH ST,
E 72ND ST,
S MASSASOIT AVE,Garfield Ridge
N ASHLAND AVE,Lake View
S HILLOCK AVE,Bridgeport
W THORNDALE AVE,West Ridge
S SEELEY AVE,Englewood
W 46TH ST,
E 121ST ST,
S VERNON AVE,Chatham
N SEELEY AVE,Lincoln Square
N OAK PARK AVE,Dunning
N MOZART ST,Irving Park
W VAN BUREN ST,Garfield Park
S NORMANDY AVE,Garfield Ridge
S AVENUE L,East Side
S HALE AVE,Morgan Park
W BELDEN AVE,Hermosa
N ODELL AVE,Dunning
W 52ND PL,
W 14TH ST,
E 90TH PL,Chatham
E 56TH ST,
S LECLAIRE AVE,Garfield Ridge
E 94TH ST,
W WILCOX ST,Garfield Park
S WOLCOTT AVE,New City
E 80TH PL,South Chicago
S CAMPBELL AVE,
W LYNDALE ST,Logan Square
N LUNA AVE,Portage Park
N MICHIGAN AVE,Magnificent Mile
W STEUBEN ST,
S VAN VLISSINGEN RD,South Deering
S CREGIER AVE,South Shore
S ARTESIAN AVE,Gage Park
N MONITOR AVE,Belmont Cragin
W FULTON ST,Garfield Park
S HOUSTON AVE,
W LEXINGTON ST,
W ARTHUR AVE,West Ridge
N MASSASOIT AVE,Austin
S BEVERLY AVE,Washington Heights
W 35TH ST,
S LEAVITT ST,Beverly
W GEORGE ST,Hermosa
N OAKLEY BLVD,West Town
N LAKE SHORE DR,Kenwood
S HARVARD AVE,Roseland
S ROCKWELL ST,Brighton Park
S EBERHART AVE,Chatham
W HIGGINS AVE,Norwood Park
W 50TH ST,
S COLES AVE,South Shore
N BERNARD ST,Irving Park
S CENTRAL PARK AVE,Mount Greenwood
N WAYNE AVE,Lincoln Park
E 75TH PL,South Shore
S MC VICKER AVE,Garfield Ridge
S TORRENCE AVE,South Deering
W GUNNISON ST,Lincoln Square
N KNOX AVE,Irving Park
W JARVIS AVE,West Ridge
N COLUMBUS DR,Loop
N EAST RIVER RD,O'Hare
W 21ST PL,Little Village
S BURLEY AVE,Hegewisch
S MERRILL AVE,South Chicago
W NORTH SHORE AVE,West Ridge
W 50TH PL,Gage Park
S MAYFIELD AVE,Garfield Ridge
W 72ND PL,
S KINGSTON AVE,
W WEST END AVE,Austin
W BERTEAU AVE,Portage Park
S CANALPORT AVE,Lower West Side
W WOLFRAM ST,Bucktown
N GRESHAM AVE,Avondale
N RIDGE BLVD,West Ridge
N MAJOR AVE,Portage Park
S VINCENNES AVE,Grand Boulevard
E 136TH PL,
S WATKINS AVE,Morgan Park
N NEVA AVE,
E 77TH ST,
E 63RD ST,
W PIERCE AVE,Humboldt Park
W WARWICK AVE,Portage Park
S KNOX AVE,Clearing
N WINTHROP AVE,Edgewater
W FARWELL AVE,West Ridge
S CLAREMONT AVE,Ashburn
W ST PAUL AVE,Wicker Park
N LARAMIE AVE,Portage Park
W 58TH ST,
W 14TH PL,"Little Italy, UIC"
N KEYSTONE AVE,Irving Park
N LOREL AVE,Austin
W DIVISION ST,Humboldt Park
W RACE AVE,West Town
W 65TH ST,
W 17TH ST,
W WILSON AVE,Irving Park
S AVENUE M,East Side
W QUINCY ST,West Loop
W 45TH PL,Fuller Park
S LAFAYETTE AVE,Chatham
N OKETO AVE,Norwood Park
N HARTLAND CT,Lincoln Park
E 80TH ST,
S AVENUE J,East Side
S NASHVILLE AVE,Garfield Ridge
W 86TH ST,
E 91ST ST,
S MOBILE AVE,Garfield Ridge
W ARGYLE ST,"Sauganash,Forest Glen"
N HAMPDEN CT,Lincoln Park
E 117TH PL,
W 109TH PL,
S KENTON AVE,
S PULASKI RD,Ashburn
S LONGWOOD DR,Beverly
N RICHMOND ST,Irving Park
W SCHUBERT AVE,Hermosa
N NATCHEZ AVE,Dunning
N LOCKWOOD AVE,Belmont Cragin
N WOOD ST,Wicker Park
S EUCLID AVE,
W 78TH ST,
N OCTAVIA AVE,Dunning
E 69TH PL,Grand Crossing
E 76TH ST,
S KIMBARK AVE,Grand Crossing
S LAKE SHORE DR W,
N HOYNE AVE,North Center
W 47TH ST,
